laure.fokou@facsciences-uy1.cm,laure
audrey.dongmo@facsciences-uy1.cm,audrey
gwladys.kelodjou@facsciences-uy1.cm,gwladys
ehrad.ejm@facsciences-uy1.cm,ehrad
hdmy.xpx@facsciences-uy1.cm,hdmy
baxm.xfmqq@facsciences-uy1.cm,baxm
bmboips.knmwg@facsciences-uy1.cm,bmboips
zpcub.wgpp@facsciences-uy1.cm,zpcub
wrzxv.leyo@facsciences-uy1.cm,wrzxv
ahart.kwa@facsciences-uy1.cm,ahart
linaecz.jbufgc@facsciences-uy1.cm,linaecz
hmft.hbbn@facsciences-uy1.cm,hmft
brfmh.nntr@facsciences-uy1.cm,brfmh
zscfekt.kkpoa@facsciences-uy1.cm,zscfekt
ruipto.ebfxhx@facsciences-uy1.cm,ruipto
pmbqwy.tme@facsciences-uy1.cm,pmbqwy
yfdqtco.xrdg@facsciences-uy1.cm,yfdqtco
xccvarl.cdcsu@facsciences-uy1.cm,xccvarl
hfxagy.pif@facsciences-uy1.cm,hfxagy
qhphug.kdj@facsciences-uy1.cm,qhphug
tveguvr.ytg@facsciences-uy1.cm,tveguvr
sviwzkt.qimnz@facsciences-uy1.cm,sviwzkt
ebtwafq.sjyrg@facsciences-uy1.cm,ebtwafq
yfkp.dicw@facsciences-uy1.cm,yfkp
rajia.lvl@facsciences-uy1.cm,rajia
usehwto.dzhuv@facsciences-uy1.cm,usehwto
nrfic.mdowh@facsciences-uy1.cm,nrfic